Name,Year,Letterboxd URI
10 Things I Hate About You,1999,https://letterboxd.com/film/10-things-i-hate-about-you/
12 Angry Men,1997,https://letterboxd.com/film/12-angry-men-1997/
12 Angry Men,1957,https://letterboxd.com/film/12-angry-men/
12 Years a Slave,2013,https://letterboxd.com/film/12-years-a-slave/
2 Days in Paris,2007,https://letterboxd.com/film/2-days-in-paris/
2001: A Space Odyssey,1968,https://letterboxd.com/film/2001-a-space-odyssey/
2046,2004,https://letterboxd.com/film/2046/
21 Jump Street,2012,https://letterboxd.com/film/21-jump-street/
24 Hour Party People,2002,https://letterboxd.com/film/24-hour-party-people/
28 Weeks Later,2007,https://letterboxd.com/film/28-weeks-later/
28 Years Later: The Bone Temple,2026,https://letterboxd.com/film/28-years-later-the-bone-temple/
3:10 to Yuma,2007,https://letterboxd.com/film/310-to-yuma-2007/
A Bigger Splash,2015,https://letterboxd.com/film/a-bigger-splash-2015/
A Charlie Brown Christmas,1965,https://letterboxd.com/film/a-charlie-brown-christmas/
A Christmas Story,1983,https://letterboxd.com/film/a-christmas-story-1983/
A Clockwork Orange,1971,https://letterboxd.com/film/a-clockwork-orange/
A Close Shave,1995,https://letterboxd.com/film/a-close-shave-1995/
A Ghost Story,2017,https://letterboxd.com/film/a-ghost-story-2017/
A Hidden Life,2019,https://letterboxd.com/film/a-hidden-life-2019/
A House of Dynamite,2025,https://letterboxd.com/film/a-house-of-dynamite/
A League of Their Own,1992,https://letterboxd.com/film/a-league-of-their-own/
A Matter of Life and Death,1946,https://letterboxd.com/film/a-matter-of-life-and-death/
A Mighty Wind,2003,https://letterboxd.com/film/a-mighty-wind/
A Most Wanted Man,2014,https://letterboxd.com/film/a-most-wanted-man/
A Perfect World,1993,https://letterboxd.com/film/a-perfect-world/
A Prophet,2009,https://letterboxd.com/film/a-prophet/
A Quiet Place,2018,https://letterboxd.com/film/a-quiet-place-2018/
A Serious Man,2009,https://letterboxd.com/film/a-serious-man/
A Shot in the Dark,1964,https://letterboxd.com/film/a-shot-in-the-dark/
A Simple Plan,1998,https://letterboxd.com/film/a-simple-plan/
A Single Man,2009,https://letterboxd.com/film/a-single-man/
A Thousand and One,2023,https://letterboxd.com/film/a-thousand-and-one/
A Trip to Infinity,2022,https://letterboxd.com/film/a-trip-to-infinity/
A.I. Artificial Intelligence,2001,https://letterboxd.com/film/ai-artificial-intelligence/
Abigail's Party,1977,https://letterboxd.com/film/abigails-party/
About a Boy,2002,https://letterboxd.com/film/about-a-boy/
Absence of Malice,1981,https://letterboxd.com/film/absence-of-malice/
Ad Astra,2019,https://letterboxd.com/film/ad-astra-2019/
Adaptation.,2002,https://letterboxd.com/film/adaptation/
Adventureland,2009,https://letterboxd.com/film/adventureland/
After Hours,1985,https://letterboxd.com/film/after-hours/
After Yang,2021,https://letterboxd.com/film/after-yang/
Aftersun,2022,https://letterboxd.com/film/aftersun/
Airplane!,1980,https://letterboxd.com/film/airplane/
Alan Partridge: Alpha Papa,2013,https://letterboxd.com/film/alan-partridge-alpha-papa/
Albert Brooks: Defending My Life,2023,https://letterboxd.com/film/albert-brooks-defending-my-life/
Alice in the Cities,1974,https://letterboxd.com/film/alice-in-the-cities/
Alien Resurrection,1997,https://letterboxd.com/film/alien-resurrection/
Alien from L.A.,1988,https://letterboxd.com/film/alien-from-la/
Alive in Joburg,2005,https://letterboxd.com/film/alive-in-joburg/
All Watched Over by Machines of Loving Grace,2011,https://letterboxd.com/film/all-watched-over-by-machines-of-loving-grace/
All the President's Men,1976,https://letterboxd.com/film/all-the-presidents-men/
Almost Famous,2000,https://letterboxd.com/film/almost-famous/
Altered States,1980,https://letterboxd.com/film/altered-states/
Amadeus,1984,https://letterboxd.com/film/amadeus/
Amblin',1968,https://letterboxd.com/film/amblin/
American History X,1998,https://letterboxd.com/film/american-history-x/
American Movie,1999,https://letterboxd.com/film/american-movie/
American Splendor,2003,https://letterboxd.com/film/american-splendor/
Amélie,2001,https://letterboxd.com/film/amelie/
An American Werewolf in London,1981,https://letterboxd.com/film/an-american-werewolf-in-london/
Anaconda,1997,https://letterboxd.com/film/anaconda/
Angels in America,2003,https://letterboxd.com/film/angels-in-america/
Animal Kingdom,2010,https://letterboxd.com/film/animal-kingdom/
Annie Leibovitz: Life Through a Lens,2006,https://letterboxd.com/film/annie-leibovitz-life-through-a-lens/
Anomalisa,2015,https://letterboxd.com/film/anomalisa/
Anora,2024,https://letterboxd.com/film/anora/
Apocalypse Now,1979,https://letterboxd.com/film/apocalypse-now/
Apocalypto,2006,https://letterboxd.com/film/apocalypto/
Apollo 11,2019,https://letterboxd.com/film/apollo-11-2019/
Apollo 13,1995,https://letterboxd.com/film/apollo-13/
Aquarela,2018,https://letterboxd.com/film/aquarela-2018/
Arctic,2018,https://letterboxd.com/film/arctic-2018/
"Are You There God? It's Me, Margaret.",2023,https://letterboxd.com/film/are-you-there-god-its-me-margaret/
Argentina 1985,2022,https://letterboxd.com/film/argentina-1985/
Army of Darkness,1992,https://letterboxd.com/film/army-of-darkness/
Arrival,2016,https://letterboxd.com/film/arrival-2016/
Art College 1994,2023,https://letterboxd.com/film/art-college-1994/
Assassin 33 A.D.,2020,https://letterboxd.com/film/assassin-33-ad/
Athena,2022,https://letterboxd.com/film/athena-2022-1/
Atlantis: The Lost Empire,2001,https://letterboxd.com/film/atlantis-the-lost-empire/
Austin Powers in Goldmember,2002,https://letterboxd.com/film/austin-powers-in-goldmember/
Austin Powers: International Man of Mystery,1997,https://letterboxd.com/film/austin-powers-international-man-of-mystery/
Austin Powers: The Spy Who Shagged Me,1999,https://letterboxd.com/film/austin-powers-the-spy-who-shagged-me/
BEEF,2023,https://letterboxd.com/film/beef-2023/
BMX Bandits,1983,https://letterboxd.com/film/bmx-bandits/
Babe,1995,https://letterboxd.com/film/babe/
Babe: Pig in the City,1998,https://letterboxd.com/film/babe-pig-in-the-city/
Back to the Future,1985,https://letterboxd.com/film/back-to-the-future/
Backrooms,2026,https://letterboxd.com/film/backrooms-2026/
Bad Boys,1995,https://letterboxd.com/film/bad-boys-1995/
Bad Lieutenant: Port of Call – New Orleans,2009,https://letterboxd.com/film/bad-lieutenant-port-of-call-new-orleans/
Badlands,1973,https://letterboxd.com/film/badlands/
Bait,2019,https://letterboxd.com/film/bait-2019/
Bambi,1942,https://letterboxd.com/film/bambi/
Baraka,1992,https://letterboxd.com/film/baraka/
Barb & Star Go to Vista Del Mar,2021,https://letterboxd.com/film/barb-star-go-to-vista-del-mar/
Barton Fink,1991,https://letterboxd.com/film/barton-fink/
Batman,1989,https://letterboxd.com/film/batman-1989/
Batman Forever,1995,https://letterboxd.com/film/batman-forever/
Batman Returns,1992,https://letterboxd.com/film/batman-returns/
Beerfest,2006,https://letterboxd.com/film/beerfest/
Before Midnight,2013,https://letterboxd.com/film/before-midnight/
Before Sunrise,1995,https://letterboxd.com/film/before-sunrise/
Before Sunset,2004,https://letterboxd.com/film/before-sunset/
Before the Devil Knows You're Dead,2007,https://letterboxd.com/film/before-the-devil-knows-youre-dead/
Being John Malkovich,1999,https://letterboxd.com/film/being-john-malkovich/
Belle de Jour,1967,https://letterboxd.com/film/belle-de-jour/
Ben-Hur,1959,https://letterboxd.com/film/ben-hur-1959/
Beneath the Planet of the Apes,1970,https://letterboxd.com/film/beneath-the-planet-of-the-apes/
Benedetta,2021,https://letterboxd.com/film/benedetta/
Better Man,2024,https://letterboxd.com/film/better-man-2024/
Beverly Hills Cop II,1987,https://letterboxd.com/film/beverly-hills-cop-ii/
Beverly Hills Cop: Axel F,2024,https://letterboxd.com/film/beverly-hills-cop-axel-f/
Beyond The Edge,2013,https://letterboxd.com/film/beyond-the-edge/
Beyond the Black Rainbow,2010,https://letterboxd.com/film/beyond-the-black-rainbow/
Big Little Lies,2017,https://letterboxd.com/film/big-little-lies/
Big Trouble in Little China,1986,https://letterboxd.com/film/big-trouble-in-little-china/
Billy Lynn's Long Halftime Walk,2016,https://letterboxd.com/film/billy-lynns-long-halftime-walk/
Birdman or (The Unexpected Virtue of Ignorance),2014,https://letterboxd.com/film/birdman-or-the-unexpected-virtue-of-ignorance/
Birth,2004,https://letterboxd.com/film/birth-2004/
"Black Coal, Thin Ice",2014,https://letterboxd.com/film/black-coal-thin-ice/
Black Dynamite,2009,https://letterboxd.com/film/black-dynamite/
Black Mirror: San Junipero,2016,https://letterboxd.com/film/black-mirror-san-junipero/
Blackhat,2015,https://letterboxd.com/film/blackhat/
Blade,1998,https://letterboxd.com/film/blade/
Blade II,2002,https://letterboxd.com/film/blade-ii/
Blade Runner,1982,https://letterboxd.com/film/blade-runner/
Blazing Saddles,1974,https://letterboxd.com/film/blazing-saddles/
Blood Simple,1984,https://letterboxd.com/film/blood-simple/
Bloodshot,2020,https://letterboxd.com/film/bloodshot/
Bloodsport,1988,https://letterboxd.com/film/bloodsport/
Blow Out,1981,https://letterboxd.com/film/blow-out/
Blue,1993,https://letterboxd.com/film/blue-1993/
Blue Jay,2016,https://letterboxd.com/film/blue-jay-2016/
Blue Velvet,1986,https://letterboxd.com/film/blue-velvet/
Bone Tomahawk,2015,https://letterboxd.com/film/bone-tomahawk/
Bones and All,2022,https://letterboxd.com/film/bones-and-all/
Bonnie and Clyde,1967,https://letterboxd.com/film/bonnie-and-clyde/
Bottle Rocket,1993,https://letterboxd.com/film/bottle-rocket/
Bound,1996,https://letterboxd.com/film/bound/
Bowfinger,1999,https://letterboxd.com/film/bowfinger/
Braindead,1992,https://letterboxd.com/film/braindead-1992/
Bram Stoker's Dracula,1992,https://letterboxd.com/film/bram-stokers-dracula/
Braveheart,1995,https://letterboxd.com/film/braveheart/
Brazil,1985,https://letterboxd.com/film/brazil/
Breach,2007,https://letterboxd.com/film/breach/
Brewster's Millions,1985,https://letterboxd.com/film/brewsters-millions-1985/
Bridge of Spies,2015,https://letterboxd.com/film/bridge-of-spies/
Bridget Jones's Diary,2001,https://letterboxd.com/film/bridget-joness-diary/
Bright Star,2009,https://letterboxd.com/film/bright-star/
Bringing Out the Dead,1999,https://letterboxd.com/film/bringing-out-the-dead/
Brokeback Mountain,2005,https://letterboxd.com/film/brokeback-mountain/
Brotherhood of the Wolf,2001,https://letterboxd.com/film/brotherhood-of-the-wolf/
Bubba Ho-tep,2002,https://letterboxd.com/film/bubba-ho-tep/
Bug,2006,https://letterboxd.com/film/bug-2006/
Bullitt,1968,https://letterboxd.com/film/bullitt/
Burden of Dreams,1982,https://letterboxd.com/film/burden-of-dreams/
Burning,2018,https://letterboxd.com/film/burning-2018/
Butch Cassidy and the Sundance Kid,1969,https://letterboxd.com/film/butch-cassidy-and-the-sundance-kid/
Bāhubali 2: The Conclusion,2017,https://letterboxd.com/film/bahubali-2-the-conclusion/
Bāhubali: The Beginning,2015,https://letterboxd.com/film/bahubali-the-beginning/
C'mon C'mon,2021,https://letterboxd.com/film/cmon-cmon/
Caliphate,2020,https://letterboxd.com/film/caliphate/
Can You Ever Forgive Me?,2018,https://letterboxd.com/film/can-you-ever-forgive-me/
Career Girls,1997,https://letterboxd.com/film/career-girls/
Carlito's Way,1993,https://letterboxd.com/film/carlitos-way/
Cartel Land,2015,https://letterboxd.com/film/cartel-land/
Casino,1995,https://letterboxd.com/film/casino/
Cast Away,2000,https://letterboxd.com/film/cast-away/
Castle in the Sky,1986,https://letterboxd.com/film/castle-in-the-sky/
Cat People,1982,https://letterboxd.com/film/cat-people-1982/
Catherine Called Birdy,2022,https://letterboxd.com/film/catherine-called-birdy/
Catwalk,1995,https://letterboxd.com/film/catwalk/
Certain Women,2016,https://letterboxd.com/film/certain-women/
Challengers,2024,https://letterboxd.com/film/challengers/
Charade,1963,https://letterboxd.com/film/charade/
Chasing Amy,1997,https://letterboxd.com/film/chasing-amy/
Cheer,2020,https://letterboxd.com/film/cheer/
Chernobyl,2019,https://letterboxd.com/film/chernobyl/
Children of Men,2006,https://letterboxd.com/film/children-of-men/
Chile '76,2022,https://letterboxd.com/film/chile-76/
Chinatown,1974,https://letterboxd.com/film/chinatown/
Chip 'n Dale: Rescue Rangers,2022,https://letterboxd.com/film/chip-n-dale-rescue-rangers/
Chopping Mall,1986,https://letterboxd.com/film/chopping-mall/
Christine,1983,https://letterboxd.com/film/christine-1983/
Christmas Eve in Miller's Point,2024,https://letterboxd.com/film/christmas-eve-in-millers-point/
Chungking Express,1994,https://letterboxd.com/film/chungking-express/
Cigarettes & Coffee,1993,https://letterboxd.com/film/cigarettes-coffee/
Citizenfour,2014,https://letterboxd.com/film/citizenfour/
Clash of the Titans,1981,https://letterboxd.com/film/clash-of-the-titans/
Clerks,1994,https://letterboxd.com/film/clerks/
Clifford,1994,https://letterboxd.com/film/clifford/
Close Encounters of the Third Kind,1977,https://letterboxd.com/film/close-encounters-of-the-third-kind/
Close-Up,1990,https://letterboxd.com/film/close-up/
Closely Watched Trains,1966,https://letterboxd.com/film/closely-watched-trains/
Cloud,2024,https://letterboxd.com/film/cloud-2024/
Clouds of Sils Maria,2014,https://letterboxd.com/film/clouds-of-sils-maria/
Cloverfield,2008,https://letterboxd.com/film/cloverfield/
Coco,2017,https://letterboxd.com/film/coco-2017/
Cocoon,1985,https://letterboxd.com/film/cocoon/
Collateral,2004,https://letterboxd.com/film/collateral/
Collective,2019,https://letterboxd.com/film/collective/
Comet in Moominland,1992,https://letterboxd.com/film/comet-in-moominland/
Commando,1985,https://letterboxd.com/film/commando/
Conan the Barbarian,1982,https://letterboxd.com/film/conan-the-barbarian/
"Confess, Fletch",2022,https://letterboxd.com/film/confess-fletch/
Confessions of a Dangerous Mind,2002,https://letterboxd.com/film/confessions-of-a-dangerous-mind/
Congo,1995,https://letterboxd.com/film/congo/
Contact,1997,https://letterboxd.com/film/contact/
Contagion,2011,https://letterboxd.com/film/contagion/
Cool Cat Saves the Kids,2015,https://letterboxd.com/film/cool-cat-saves-the-kids/
Cool World,1992,https://letterboxd.com/film/cool-world/
Copa 71,2023,https://letterboxd.com/film/copa-71/
Copycat,1995,https://letterboxd.com/film/copycat/
Coraline,2009,https://letterboxd.com/film/coraline/
Cosmos: A Personal Voyage,1980,https://letterboxd.com/film/cosmos-a-personal-voyage/
Cowboy Bebop,1998,https://letterboxd.com/film/cowboy-bebop/
Crank,2006,https://letterboxd.com/film/crank/
Crash,1996,https://letterboxd.com/film/crash/
Crazy Rich Asians,2018,https://letterboxd.com/film/crazy-rich-asians/
"Crazy, Stupid, Love.",2011,https://letterboxd.com/film/crazy-stupid-love/
Creatura,2023,https://letterboxd.com/film/creatura-2023/
Creed III,2023,https://letterboxd.com/film/creed-iii/
Crimes of Passion,1984,https://letterboxd.com/film/crimes-of-passion/
Crimes of the Future,2022,https://letterboxd.com/film/crimes-of-the-future-2022/
Crimson Peak,2015,https://letterboxd.com/film/crimson-peak/
Crimson Tide,1995,https://letterboxd.com/film/crimson-tide/
"Crouching Tiger, Hidden Dragon",2000,https://letterboxd.com/film/crouching-tiger-hidden-dragon/
Cruising,1980,https://letterboxd.com/film/cruising/
Cube,1997,https://letterboxd.com/film/cube/
Cure,1997,https://letterboxd.com/film/cure/
Cypher,2002,https://letterboxd.com/film/cypher/
Cyrus,2010,https://letterboxd.com/film/cyrus/
Dan Licata: For The Boys,2024,https://letterboxd.com/film/dan-licata-for-the-boys/
Dances with Wolves,1990,https://letterboxd.com/film/dances-with-wolves/
Dancing Queen,2023,https://letterboxd.com/film/dancing-queen-2023/
Dawn of the Dead,1978,https://letterboxd.com/film/dawn-of-the-dead/
Day of the Dead,1985,https://letterboxd.com/film/day-of-the-dead/
Days of Heaven,1978,https://letterboxd.com/film/days-of-heaven/
Dazed and Confused,1993,https://letterboxd.com/film/dazed-and-confused/
Dead Calm,1989,https://letterboxd.com/film/dead-calm/
Death Becomes Her,1992,https://letterboxd.com/film/death-becomes-her/
Decision to Leave,2022,https://letterboxd.com/film/decision-to-leave/
Deep Rising,1998,https://letterboxd.com/film/deep-rising/
Delicatessen,1991,https://letterboxd.com/film/delicatessen/
Deliverance,1972,https://letterboxd.com/film/deliverance/
Demolition Man,1993,https://letterboxd.com/film/demolition-man/
Deseret,1995,https://letterboxd.com/film/deseret/
Design for Living,1933,https://letterboxd.com/film/design-for-living/
Desperately Seeking Susan,1985,https://letterboxd.com/film/desperately-seeking-susan/
Detachment,2011,https://letterboxd.com/film/detachment/
Devil in a Blue Dress,1995,https://letterboxd.com/film/devil-in-a-blue-dress/
Devs,2020,https://letterboxd.com/film/devs/
Dick Tracy,1990,https://letterboxd.com/film/dick-tracy/
Die Hard With a Vengeance,1995,https://letterboxd.com/film/die-hard-with-a-vengeance/
Dirty Work,1998,https://letterboxd.com/film/dirty-work-1998/
Disclosure Day,2026,https://letterboxd.com/film/disclosure-day/
Distance,2001,https://letterboxd.com/film/distance/
Do Revenge,2022,https://letterboxd.com/film/do-revenge/
Do the Right Thing,1989,https://letterboxd.com/film/do-the-right-thing/
Dog Soldiers,2002,https://letterboxd.com/film/dog-soldiers/
Dogma,1999,https://letterboxd.com/film/dogma/
Dogtooth,2009,https://letterboxd.com/film/dogtooth/
Dogtown and Z-Boys,2001,https://letterboxd.com/film/dogtown-and-z-boys/
Donnie Darko,2001,https://letterboxd.com/film/donnie-darko/
Dope,2015,https://letterboxd.com/film/dope-2015/
Dottie Gets Spanked,1993,https://letterboxd.com/film/dottie-gets-spanked/
Down with the King,2021,https://letterboxd.com/film/down-with-the-king/
Downsizing,2017,https://letterboxd.com/film/downsizing/
Dr. Strangelove or: How I Learned to Stop Worrying and Love the Bomb,1964,https://letterboxd.com/film/dr-strangelove-or-how-i-learned-to-stop-worrying-and-love-the-bomb/
Drag Me to Hell,2009,https://letterboxd.com/film/drag-me-to-hell/
Dragnet,1987,https://letterboxd.com/film/dragnet-1987/
Dream Scenario,2023,https://letterboxd.com/film/dream-scenario/
Dreams,1990,https://letterboxd.com/film/dreams/
Drive My Car,2021,https://letterboxd.com/film/drive-my-car/
Drive-Away Dolls,2024,https://letterboxd.com/film/drive-away-dolls/
Drop Dead Gorgeous,1999,https://letterboxd.com/film/drop-dead-gorgeous/
Duel,1971,https://letterboxd.com/film/duel/
Dunkirk,2017,https://letterboxd.com/film/dunkirk-2017/
E.T. the Extra-Terrestrial,1982,https://letterboxd.com/film/et-the-extra-terrestrial/
EO,2022,https://letterboxd.com/film/eo/
Earnhardt,2025,https://letterboxd.com/film/earnhardt/
Eephus,2024,https://letterboxd.com/film/eephus/
Election,1999,https://letterboxd.com/film/election/
Elvis,2022,https://letterboxd.com/film/elvis-2022/
Embrace of the Serpent,2015,https://letterboxd.com/film/embrace-of-the-serpent/
Emily the Criminal,2022,https://letterboxd.com/film/emily-the-criminal/
Encanto,2021,https://letterboxd.com/film/encanto/
Eno,2024,https://letterboxd.com/film/eno-2024/
Enron: The Smartest Guys in the Room,2005,https://letterboxd.com/film/enron-the-smartest-guys-in-the-room/
Enter the Void,2009,https://letterboxd.com/film/enter-the-void/
Escape from L.A.,1996,https://letterboxd.com/film/escape-from-la/
Escape from New York,1981,https://letterboxd.com/film/escape-from-new-york/
Escape from the Planet of the Apes,1971,https://letterboxd.com/film/escape-from-the-planet-of-the-apes/
Eternal Sunshine of the Spotless Mind,2004,https://letterboxd.com/film/eternal-sunshine-of-the-spotless-mind/
Everything Is Illuminated,2005,https://letterboxd.com/film/everything-is-illuminated/
Evil Dead II,1987,https://letterboxd.com/film/evil-dead-ii/
Evil Does Not Exist,2023,https://letterboxd.com/film/evil-does-not-exist/
Excalibur,1981,https://letterboxd.com/film/excalibur/
Exhuma,2024,https://letterboxd.com/film/exhuma/
Exit Through the Gift Shop,2010,https://letterboxd.com/film/exit-through-the-gift-shop/
Exotica,1994,https://letterboxd.com/film/exotica/
Eyes Wide Shut,1999,https://letterboxd.com/film/eyes-wide-shut/
Faces,1968,https://letterboxd.com/film/faces-1968/
Fail Safe,1964,https://letterboxd.com/film/fail-safe/
Fallen Angels,1995,https://letterboxd.com/film/fallen-angels/
Falling Down,1993,https://letterboxd.com/film/falling-down/
Fast & Furious,2009,https://letterboxd.com/film/fast-furious/
Fast & Furious 6,2013,https://letterboxd.com/film/fast-furious-6/
Fast Five,2011,https://letterboxd.com/film/fast-five/
Fast Times at Ridgemont High,1982,https://letterboxd.com/film/fast-times-at-ridgemont-high/
Fear and Loathing in Las Vegas,1998,https://letterboxd.com/film/fear-and-loathing-in-las-vegas/
Ferris Bueller's Day Off,1986,https://letterboxd.com/film/ferris-buellers-day-off/
Field of Dreams,1989,https://letterboxd.com/film/field-of-dreams/
Fight Club,1999,https://letterboxd.com/film/fight-club/
Final Cut: Ladies and Gentlemen,2012,https://letterboxd.com/film/final-cut-ladies-and-gentlemen/
Firebase,2017,https://letterboxd.com/film/firebase/
First Cow,2019,https://letterboxd.com/film/first-cow/
First Reformed,2017,https://letterboxd.com/film/first-reformed/
Fist of Fury,1972,https://letterboxd.com/film/fist-of-fury/
Flashdance,1983,https://letterboxd.com/film/flashdance/
Flee,2021,https://letterboxd.com/film/flee-2021/
Fleishman Is in Trouble,2022,https://letterboxd.com/film/fleishman-is-in-trouble/
Fly Away Home,1996,https://letterboxd.com/film/fly-away-home/
Food and Country,2023,https://letterboxd.com/film/food-and-country/
For All Mankind,1989,https://letterboxd.com/film/for-all-mankind/
Force Majeure,2014,https://letterboxd.com/film/force-majeure-2014/
Frances Ha,2012,https://letterboxd.com/film/frances-ha/
Frank,2014,https://letterboxd.com/film/frank-2014/
Freaked,1993,https://letterboxd.com/film/freaked/
Freddy Got Fingered,2001,https://letterboxd.com/film/freddy-got-fingered/
Fremont,2023,https://letterboxd.com/film/fremont/
Friday the 13th,1980,https://letterboxd.com/film/friday-the-13th/
Friendship,2024,https://letterboxd.com/film/friendship-2024/
From Dusk Till Dawn,1996,https://letterboxd.com/film/from-dusk-till-dawn/
From Russia with Love,1963,https://letterboxd.com/film/from-russia-with-love/
From The Balcony,2021,https://letterboxd.com/film/from-the-balcony-2021/
From Up on Poppy Hill,2011,https://letterboxd.com/film/from-up-on-poppy-hill/
Full Metal Jacket,1987,https://letterboxd.com/film/full-metal-jacket/
Funny Games,2007,https://letterboxd.com/film/funny-games-2007/
Furious 7,2015,https://letterboxd.com/film/furious-7/
Game Night,2018,https://letterboxd.com/film/game-night/
Gattaca,1997,https://letterboxd.com/film/gattaca/
Get Shorty,1995,https://letterboxd.com/film/get-shorty/
Ghost,1990,https://letterboxd.com/film/ghost/
Ghost Dog: The Way of the Samurai,1999,https://letterboxd.com/film/ghost-dog-the-way-of-the-samurai/
Ghost in the Shell,1995,https://letterboxd.com/film/ghost-in-the-shell/
Ghostbusters,1984,https://letterboxd.com/film/ghostbusters/
Ghostbusters II,1989,https://letterboxd.com/film/ghostbusters-ii/
Giant Robo: The Day the Earth Stood Still,1992,https://letterboxd.com/film/giant-robo-the-day-the-earth-stood-still-1992/
Ginger Snaps,2000,https://letterboxd.com/film/ginger-snaps/
"Girl, Interrupted",1999,https://letterboxd.com/film/girl-interrupted/
Girlfriends,1978,https://letterboxd.com/film/girlfriends-1978/
Godzilla,1954,https://letterboxd.com/film/godzilla/
Godzilla vs. Hedorah,1971,https://letterboxd.com/film/godzilla-vs-hedorah/
Going in Style,1979,https://letterboxd.com/film/going-in-style/
Gone Baby Gone,2007,https://letterboxd.com/film/gone-baby-gone/
Gone Girl,2014,https://letterboxd.com/film/gone-girl/
"Good Bye, Lenin!",2003,https://letterboxd.com/film/good-bye-lenin/
Good Time,2017,https://letterboxd.com/film/good-time/
Good Will Hunting,1997,https://letterboxd.com/film/good-will-hunting/
Gravity,2013,https://letterboxd.com/film/gravity-2013/
Greener Grass,2019,https://letterboxd.com/film/greener-grass-2019/
Gremlins 2: The New Batch,1990,https://letterboxd.com/film/gremlins-2-the-new-batch/
Groundhog Day,1993,https://letterboxd.com/film/groundhog-day/
Gymkata,1985,https://letterboxd.com/film/gymkata/
HAIM / Valentine,2017,https://letterboxd.com/film/haim-valentine/
Hacksaw Ridge,2016,https://letterboxd.com/film/hacksaw-ridge/
"Hail, Caesar!",2016,https://letterboxd.com/film/hail-caesar-2016/
Halloween,1978,https://letterboxd.com/film/halloween-1978/
Hanagatami,2017,https://letterboxd.com/film/hanagatami/
Hanna,2011,https://letterboxd.com/film/hanna/
Happy Death Day,2017,https://letterboxd.com/film/happy-death-day/
Happy-Go-Lucky,2008,https://letterboxd.com/film/happy-go-lucky/
Harakiri,1962,https://letterboxd.com/film/harakiri/
Hard Boiled,1992,https://letterboxd.com/film/hard-boiled/
Hard Eight,1996,https://letterboxd.com/film/hard-eight/
Hard Target,1993,https://letterboxd.com/film/hard-target/
Harold and Maude,1971,https://letterboxd.com/film/harold-and-maude/
Have a Nice Day,2017,https://letterboxd.com/film/have-a-nice-day-2017/
Haywire,2011,https://letterboxd.com/film/haywire/
He Got Game,1998,https://letterboxd.com/film/he-got-game/
Heavy Metal,1981,https://letterboxd.com/film/heavy-metal/
Hell of a Summer,2023,https://letterboxd.com/film/hell-of-a-summer/
Hell or High Water,2016,https://letterboxd.com/film/hell-or-high-water/
Hellraiser,1987,https://letterboxd.com/film/hellraiser/
Her,2013,https://letterboxd.com/film/her/
Hero,2002,https://letterboxd.com/film/hero-2002/
High Life,2018,https://letterboxd.com/film/high-life-2018/
Hit Man,2023,https://letterboxd.com/film/hit-man-2023/
Hold Me Close,2025,https://letterboxd.com/film/hold-me-close-2025/
Holes,2003,https://letterboxd.com/film/holes/
Hoop Dreams,1994,https://letterboxd.com/film/hoop-dreams/
Hope,2026,https://letterboxd.com/film/hope-2026/
Hot Fuzz,2007,https://letterboxd.com/film/hot-fuzz/
Hot Rod,2007,https://letterboxd.com/film/hot-rod/
Hotel Chevalier,2007,https://letterboxd.com/film/hotel-chevalier/
Hotel Mumbai,2018,https://letterboxd.com/film/hotel-mumbai/
House,1977,https://letterboxd.com/film/house/
House of Gucci,2021,https://letterboxd.com/film/house-of-gucci/
How the Grinch Stole Christmas!,1966,https://letterboxd.com/film/how-the-grinch-stole-christmas/
Howl's Moving Castle,2004,https://letterboxd.com/film/howls-moving-castle/
Hulk,2003,https://letterboxd.com/film/hulk/
Humpday,2009,https://letterboxd.com/film/humpday/
Hustle,2022,https://letterboxd.com/film/hustle-2022/
Hustlers,2019,https://letterboxd.com/film/hustlers-2019/
I Am Love,2009,https://letterboxd.com/film/i-am-love/
I Come with the Rain,2009,https://letterboxd.com/film/i-come-with-the-rain/
I Don't Feel at Home in This World Anymore,2017,https://letterboxd.com/film/i-dont-feel-at-home-in-this-world-anymore/
I'm Not There,2007,https://letterboxd.com/film/im-not-there/
I'm Thinking of Ending Things,2020,https://letterboxd.com/film/im-thinking-of-ending-things/
Ichi the Killer,2001,https://letterboxd.com/film/ichi-the-killer/
In Bruges,2008,https://letterboxd.com/film/in-bruges/
In a Violent Nature,2024,https://letterboxd.com/film/in-a-violent-nature/
In the Bedroom,2001,https://letterboxd.com/film/in-the-bedroom/
In the Line of Fire,1993,https://letterboxd.com/film/in-the-line-of-fire/
In the Mood for Love,2000,https://letterboxd.com/film/in-the-mood-for-love/
In the Name of the Father,1993,https://letterboxd.com/film/in-the-name-of-the-father-1993/
In the Valley of Elah,2007,https://letterboxd.com/film/in-the-valley-of-elah/
Incendies,2010,https://letterboxd.com/film/incendies/
Inception,2010,https://letterboxd.com/film/inception/
Infernal Affairs,2002,https://letterboxd.com/film/infernal-affairs/
Infinity Pool,2023,https://letterboxd.com/film/infinity-pool/
Inherent Vice,2014,https://letterboxd.com/film/inherent-vice/
Inland Empire,2006,https://letterboxd.com/film/inland-empire/
Innerspace,1987,https://letterboxd.com/film/innerspace/
Inside Llewyn Davis,2013,https://letterboxd.com/film/inside-llewyn-davis/
Insomnia,2002,https://letterboxd.com/film/insomnia-2002/
Insomnia,1997,https://letterboxd.com/film/insomnia/
Interstella 5555: The 5tory of the 5ecret 5tar 5ystem,2003,https://letterboxd.com/film/interstella-5555-the-5tory-of-the-5ecret-5tar-5ystem/
Intolerable Cruelty,2003,https://letterboxd.com/film/intolerable-cruelty/
Invasion of the Body Snatchers,1956,https://letterboxd.com/film/invasion-of-the-body-snatchers/
Isle of Dogs,2018,https://letterboxd.com/film/isle-of-dogs-2018/
It Follows,2014,https://letterboxd.com/film/it-follows/
"It's the Great Pumpkin, Charlie Brown",1966,https://letterboxd.com/film/its-the-great-pumpkin-charlie-brown/
JCVD,2008,https://letterboxd.com/film/jcvd/
Jackass 2.5,2007,https://letterboxd.com/film/jackass-25/
Jackass 3.5,2011,https://letterboxd.com/film/jackass-35/
Jackass: Best and Last,2026,https://letterboxd.com/film/jackass-best-and-last/
Jackie Brown,1997,https://letterboxd.com/film/jackie-brown/
Janet Planet,2023,https://letterboxd.com/film/janet-planet/
Jarhead,2005,https://letterboxd.com/film/jarhead/
Jason and the Argonauts,1963,https://letterboxd.com/film/jason-and-the-argonauts/
Jawbreaker,1999,https://letterboxd.com/film/jawbreaker/
"Jeanne Dielman, 23, quai du Commerce, 1080 Bruxelles",1975,https://letterboxd.com/film/jeanne-dielman-23-quai-du-commerce-1080-bruxelles/
Jeremiah Johnson,1972,https://letterboxd.com/film/jeremiah-johnson/
Jerry Maguire,1996,https://letterboxd.com/film/jerry-maguire/
Joe Versus the Volcano,1990,https://letterboxd.com/film/joe-versus-the-volcano/
John Wick,2014,https://letterboxd.com/film/john-wick/
Johnny Mnemonic,1995,https://letterboxd.com/film/johnny-mnemonic/
Joint Security Area,2000,https://letterboxd.com/film/joint-security-area/
Judas and the Black Messiah,2021,https://letterboxd.com/film/judas-and-the-black-messiah/
Junior,1994,https://letterboxd.com/film/junior/
Junun,2015,https://letterboxd.com/film/junun/
Juror #2,2024,https://letterboxd.com/film/juror-2/
Kadaisi Vivasayi,2021,https://letterboxd.com/film/kadaisi-vivasayi/
Kick-Ass,2010,https://letterboxd.com/film/kick-ass/
Kickboxer,1989,https://letterboxd.com/film/kickboxer/
Kicks,2016,https://letterboxd.com/film/kicks-2016/
Kill,2023,https://letterboxd.com/film/kill-2023-1/
Kill Bill: Vol. 2,2004,https://letterboxd.com/film/kill-bill-vol-2/
Kimi,2022,https://letterboxd.com/film/kimi/
Kinds of Kindness,2024,https://letterboxd.com/film/kinds-of-kindness/
Kingdom of Heaven,2005,https://letterboxd.com/film/kingdom-of-heaven/
Kings of the Road,1976,https://letterboxd.com/film/kings-of-the-road/
Knowing,2009,https://letterboxd.com/film/knowing/
Knuckleball!,2012,https://letterboxd.com/film/knuckleball/
Kubo and the Two Strings,2016,https://letterboxd.com/film/kubo-and-the-two-strings/
L.A. Confidential,1997,https://letterboxd.com/film/la-confidential/
La Chimera,2023,https://letterboxd.com/film/la-chimera/
La La Land,2016,https://letterboxd.com/film/la-la-land/
Labyrinth,1986,https://letterboxd.com/film/labyrinth/
Laggies,2014,https://letterboxd.com/film/laggies/
Last Action Hero,1993,https://letterboxd.com/film/last-action-hero/
Lawrence of Arabia,1962,https://letterboxd.com/film/lawrence-of-arabia/
Layer Cake,2004,https://letterboxd.com/film/layer-cake/
Le Cercle Rouge,1970,https://letterboxd.com/film/le-cercle-rouge/
Le Mans,1971,https://letterboxd.com/film/le-mans/
Leave No Trace,2018,https://letterboxd.com/film/leave-no-trace/
Legend,1985,https://letterboxd.com/film/legend/
Let the Right One In,2008,https://letterboxd.com/film/let-the-right-one-in/
Lethal Weapon,1987,https://letterboxd.com/film/lethal-weapon/
Lethal Weapon 2,1989,https://letterboxd.com/film/lethal-weapon-2/
Light Sleeper,1992,https://letterboxd.com/film/light-sleeper/
Lincoln,2012,https://letterboxd.com/film/lincoln/
Little Miss Sunshine,2006,https://letterboxd.com/film/little-miss-sunshine/
Little Women,2019,https://letterboxd.com/film/little-women-2019/
Locke,2013,https://letterboxd.com/film/locke/
Lonesome Dove,1989,https://letterboxd.com/film/lonesome-dove/
Long Shot,2019,https://letterboxd.com/film/long-shot-2019/
Lost in Translation,2003,https://letterboxd.com/film/lost-in-translation/
Love & Basketball,2000,https://letterboxd.com/film/love-basketball/
Lucy,2014,https://letterboxd.com/film/lucy-2014/
Lynch/Oz,2022,https://letterboxd.com/film/lynch-oz/
M*A*S*H,1970,https://letterboxd.com/film/mash/
Maborosi,1995,https://letterboxd.com/film/maborosi/
Mac DeMarco: A Pocket Party,2013,https://letterboxd.com/film/mac-demarco-a-pocket-party/
MacGruber,2010,https://letterboxd.com/film/macgruber/
Mad God,2021,https://letterboxd.com/film/mad-god/
Mad Max,1979,https://letterboxd.com/film/mad-max/
Mad Max Beyond Thunderdome,1985,https://letterboxd.com/film/mad-max-beyond-thunderdome/
Madame Web,2024,https://letterboxd.com/film/madame-web/
Maestro,2023,https://letterboxd.com/film/maestro-2023/
Magic Mike,2012,https://letterboxd.com/film/magic-mike/
Magic Mike XXL,2015,https://letterboxd.com/film/magic-mike-xxl/
Magic Mike's Last Dance,2023,https://letterboxd.com/film/magic-mikes-last-dance/
Magnolia,1999,https://letterboxd.com/film/magnolia/
Malcolm X,1992,https://letterboxd.com/film/malcolm-x-1992/
Mallrats,1995,https://letterboxd.com/film/mallrats/
Man on Fire,2004,https://letterboxd.com/film/man-on-fire-2004/
Maniac,2018,https://letterboxd.com/film/maniac-2018/
Marathon Man,1976,https://letterboxd.com/film/marathon-man/
Margaret,2011,https://letterboxd.com/film/margaret/
Margin Call,2011,https://letterboxd.com/film/margin-call/
Marie Antoinette,2006,https://letterboxd.com/film/marie-antoinette-2006/
Mars Attacks!,1996,https://letterboxd.com/film/mars-attacks/
Mars Express,2023,https://letterboxd.com/film/mars-express/
Mass,2021,https://letterboxd.com/film/mass-2021/
Matinee,1993,https://letterboxd.com/film/matinee/
Matt and Mara,2024,https://letterboxd.com/film/matt-and-mara/
May December,2023,https://letterboxd.com/film/may-december/
Meet Me in the Bathroom,2022,https://letterboxd.com/film/meet-me-in-the-bathroom/
Melancholia,2011,https://letterboxd.com/film/melancholia/
Memento,2000,https://letterboxd.com/film/memento/
Memoria,2021,https://letterboxd.com/film/memoria-2021/
Memories,1995,https://letterboxd.com/film/memories/
Memories of Murder,2003,https://letterboxd.com/film/memories-of-murder/
"Merry Christmas, Mr. Lawrence",1983,https://letterboxd.com/film/merry-christmas-mr-lawrence/
Metallica: Some Kind of Monster,2004,https://letterboxd.com/film/metallica-some-kind-of-monster/
Metropolis,1927,https://letterboxd.com/film/metropolis/
Miami Vice,2006,https://letterboxd.com/film/miami-vice/
Microcosmos,1996,https://letterboxd.com/film/microcosmos/
Midnight Cowboy,1969,https://letterboxd.com/film/midnight-cowboy/
Mikey and Nicky,1976,https://letterboxd.com/film/mikey-and-nicky/
Millennium Actress,2001,https://letterboxd.com/film/millennium-actress/
Miller's Crossing,1990,https://letterboxd.com/film/millers-crossing/
Million Dollar Baby,2004,https://letterboxd.com/film/million-dollar-baby/
Miracle Mile,1988,https://letterboxd.com/film/miracle-mile/
Mirai,2018,https://letterboxd.com/film/mirai/
Mishima: A Life in Four Chapters,1985,https://letterboxd.com/film/mishima-a-life-in-four-chapters/
Miss Congeniality,2000,https://letterboxd.com/film/miss-congeniality/
Mission to Mars,2000,https://letterboxd.com/film/mission-to-mars/
Mission: Impossible III,2006,https://letterboxd.com/film/mission-impossible-iii/
Mission: Impossible – Fallout,2018,https://letterboxd.com/film/mission-impossible-fallout/
Mission: Impossible – Ghost Protocol,2011,https://letterboxd.com/film/mission-impossible-ghost-protocol/
Mission: Impossible – Rogue Nation,2015,https://letterboxd.com/film/mission-impossible-rogue-nation/
Modesty Blaise,1966,https://letterboxd.com/film/modesty-blaise/
Monster,2023,https://letterboxd.com/film/monster-2023/
Monsters,2010,https://letterboxd.com/film/monsters/
Moon,2009,https://letterboxd.com/film/moon/
Moonlight,2016,https://letterboxd.com/film/moonlight-2016/
Moonrise Kingdom,2012,https://letterboxd.com/film/moonrise-kingdom/
Mortal Engines,2018,https://letterboxd.com/film/mortal-engines/
Mosaic,2018,https://letterboxd.com/film/mosaic-2018/
Mothra vs. Godzilla,1964,https://letterboxd.com/film/mothra-vs-godzilla/
Mountain,2017,https://letterboxd.com/film/mountain-2017/
Mrs. Doubtfire,1993,https://letterboxd.com/film/mrs-doubtfire/
Mud,2012,https://letterboxd.com/film/mud/
Mulholland Drive,2001,https://letterboxd.com/film/mulholland-drive/
Munich,2005,https://letterboxd.com/film/munich/
Murder Party,2007,https://letterboxd.com/film/murder-party/
My Cousin Vinny,1992,https://letterboxd.com/film/my-cousin-vinny/
My Life as a Zucchini,2016,https://letterboxd.com/film/my-life-as-a-zucchini/
My Mister,2018,https://letterboxd.com/film/my-mister/
My Own Private Idaho,1991,https://letterboxd.com/film/my-own-private-idaho/
Mystic River,2003,https://letterboxd.com/film/mystic-river/
Naked Lunch,1991,https://letterboxd.com/film/naked-lunch/
Natchez,2025,https://letterboxd.com/film/natchez-2025/
Navalny,2022,https://letterboxd.com/film/navalny/
Nebraska,2013,https://letterboxd.com/film/nebraska/
Need for Speed,2014,https://letterboxd.com/film/need-for-speed/
Neo Tokyo,1987,https://letterboxd.com/film/neo-tokyo/
Neon Genesis Evangelion,1995,https://letterboxd.com/film/neon-genesis-evangelion/
Network,1976,https://letterboxd.com/film/network/
Nickel Boys,2024,https://letterboxd.com/film/nickel-boys/
Night and Day,2008,https://letterboxd.com/film/night-and-day-2008/
Night of the Coconut,2022,https://letterboxd.com/film/night-of-the-coconut-2022/
Nightcrawler,2014,https://letterboxd.com/film/nightcrawler/
Nights of Cabiria,1957,https://letterboxd.com/film/nights-of-cabiria/
Nikita,1990,https://letterboxd.com/film/nikita/
Nimic,2019,https://letterboxd.com/film/nimic/
Nine to Five,1980,https://letterboxd.com/film/nine-to-five/
Nirvana the Band the Show,2007,https://letterboxd.com/film/nirvana-the-band-the-show/
No One Will Save You,2023,https://letterboxd.com/film/no-one-will-save-you/
No Sudden Move,2021,https://letterboxd.com/film/no-sudden-move/
Nobody,2021,https://letterboxd.com/film/nobody-2021/
Noises Off...,1992,https://letterboxd.com/film/noises-off/
Nomadland,2020,https://letterboxd.com/film/nomadland/
Normal People,2020,https://letterboxd.com/film/normal-people-2020/
North by Northwest,1959,https://letterboxd.com/film/north-by-northwest/
Nosferatu,1922,https://letterboxd.com/film/nosferatu/
Nosferatu the Vampyre,1979,https://letterboxd.com/film/nosferatu-the-vampyre/
Nostalgia for the Light,2010,https://letterboxd.com/film/nostalgia-for-the-light/
Nukie,1987,https://letterboxd.com/film/nukie/
O Auto da Compadecida,1999,https://letterboxd.com/film/o-auto-da-compadecida/
"O Brother, Where Art Thou?",2000,https://letterboxd.com/film/o-brother-where-art-thou/
Okja,2017,https://letterboxd.com/film/okja/
On the Waterfront,1954,https://letterboxd.com/film/on-the-waterfront/
Once Upon a Time... in Hollywood,2019,https://letterboxd.com/film/once-upon-a-time-in-hollywood/
One Flew Over the Cuckoo's Nest,1975,https://letterboxd.com/film/one-flew-over-the-cuckoos-nest/
One Hour Photo,2002,https://letterboxd.com/film/one-hour-photo/
Only God Forgives,2013,https://letterboxd.com/film/only-god-forgives/
Only Yesterday,1991,https://letterboxd.com/film/only-yesterday/
Open Range,2003,https://letterboxd.com/film/open-range/
Operation Avalanche,2016,https://letterboxd.com/film/operation-avalanche/
Orlando,1992,https://letterboxd.com/film/orlando/
Out of Sight,1998,https://letterboxd.com/film/out-of-sight/
PG: Psycho Goreman,2020,https://letterboxd.com/film/pg-psycho-goreman/
Pacific Rim,2013,https://letterboxd.com/film/pacific-rim/
Paddington in Peru,2024,https://letterboxd.com/film/paddington-in-peru/
Paddleton,2019,https://letterboxd.com/film/paddleton/
Pain & Gain,2013,https://letterboxd.com/film/pain-gain/
Palestine 36,2025,https://letterboxd.com/film/palestine-36/
Pan's Labyrinth,2006,https://letterboxd.com/film/pans-labyrinth/
Panic Room,2002,https://letterboxd.com/film/panic-room/
Papillon,1973,https://letterboxd.com/film/papillon/
Paprika,2006,https://letterboxd.com/film/paprika-2006/
Parasite,2019,https://letterboxd.com/film/parasite-2019/
Paris Je T'aime,2006,https://letterboxd.com/film/paris-je-taime/
Paterson,2016,https://letterboxd.com/film/paterson/
Patriot Games,1992,https://letterboxd.com/film/patriot-games/
Patton,1970,https://letterboxd.com/film/patton/
Pavements,2024,https://letterboxd.com/film/pavements/
Pee-wee's Big Adventure,1985,https://letterboxd.com/film/pee-wees-big-adventure/
Perfect Blue,1997,https://letterboxd.com/film/perfect-blue/
Perfect Days,2023,https://letterboxd.com/film/perfect-days-2023/
Persepolis,2007,https://letterboxd.com/film/persepolis/
Persona,1966,https://letterboxd.com/film/persona/
Personal Shopper,2016,https://letterboxd.com/film/personal-shopper/
Petite Maman,2021,https://letterboxd.com/film/petite-maman/
Phantom Thread,2017,https://letterboxd.com/film/phantom-thread/
Pig,2021,https://letterboxd.com/film/pig-2021/
Pillion,2025,https://letterboxd.com/film/pillion-2025/
Pinball: The Man Who Saved the Game,2022,https://letterboxd.com/film/pinball-the-man-who-saved-the-game/
Ping Pong the Animation,2014,https://letterboxd.com/film/ping-pong-the-animation/
Pitch Black,2000,https://letterboxd.com/film/pitch-black/
"Planes, Trains and Automobiles",1987,https://letterboxd.com/film/planes-trains-and-automobiles/
Planet Earth II,2016,https://letterboxd.com/film/planet-earth-ii/
Planet of the Apes,1968,https://letterboxd.com/film/planet-of-the-apes/
Platoon,1986,https://letterboxd.com/film/platoon/
Pokémon Detective Pikachu,2019,https://letterboxd.com/film/pokemon-detective-pikachu/
Police Story 3: Super Cop,1992,https://letterboxd.com/film/police-story-3-super-cop/
Pom Poko,1994,https://letterboxd.com/film/pom-poko/
Portrait of a Lady on Fire,2019,https://letterboxd.com/film/portrait-of-a-lady-on-fire/
Possession,1981,https://letterboxd.com/film/possession/
Possessor,2020,https://letterboxd.com/film/possessor/
Predator: Killer of Killers,2025,https://letterboxd.com/film/predator-killer-of-killers/
Predestination,2014,https://letterboxd.com/film/predestination/
Presence,2024,https://letterboxd.com/film/presence-2024/
Pride & Prejudice,2005,https://letterboxd.com/film/pride-prejudice/
Priest,1994,https://letterboxd.com/film/priest/
Primer,2004,https://letterboxd.com/film/primer/
Priscilla,2023,https://letterboxd.com/film/priscilla/
Prisoners,2013,https://letterboxd.com/film/prisoners/
Promising Young Woman,2020,https://letterboxd.com/film/promising-young-woman/
Psycho,1960,https://letterboxd.com/film/psycho/
Pulp Fiction,1994,https://letterboxd.com/film/pulp-fiction/
Punch-Drunk Love,2002,https://letterboxd.com/film/punch-drunk-love/
Quest for Fire,1981,https://letterboxd.com/film/quest-for-fire/
Radiohead: In Rainbows - From the Basement,2008,https://letterboxd.com/film/radiohead-in-rainbows-from-the-basement/
Raging Bull,1980,https://letterboxd.com/film/raging-bull/
Rakka,2017,https://letterboxd.com/film/rakka-2017/
Ran,1985,https://letterboxd.com/film/ran/
Rap World,2024,https://letterboxd.com/film/rap-world/
Rashomon,1950,https://letterboxd.com/film/rashomon/
Raw,2016,https://letterboxd.com/film/raw-2016/
Ready or Not,2019,https://letterboxd.com/film/ready-or-not-2019/
Real Genius,1985,https://letterboxd.com/film/real-genius/
Rebecca,1940,https://letterboxd.com/film/rebecca/
Red Beard,1965,https://letterboxd.com/film/red-beard/
Red Dragon,2002,https://letterboxd.com/film/red-dragon/
Red Rocket,2021,https://letterboxd.com/film/red-rocket-2021/
Redbelt,2008,https://letterboxd.com/film/redbelt/
Redline,2009,https://letterboxd.com/film/redline/
Reign of Fire,2002,https://letterboxd.com/film/reign-of-fire/
Reno 911!: Miami,2007,https://letterboxd.com/film/reno-911-miami/
Requiem for a Dream,2000,https://letterboxd.com/film/requiem-for-a-dream/
Reservoir Dogs,1992,https://letterboxd.com/film/reservoir-dogs/
Retrograde,2022,https://letterboxd.com/film/retrograde-2022-1/
Ricky Jay and His 52 Assistants,1996,https://letterboxd.com/film/ricky-jay-and-his-52-assistants/
Righting Wrongs,1986,https://letterboxd.com/film/righting-wrongs/
Rio Bravo,1959,https://letterboxd.com/film/rio-bravo/
Ripley,2024,https://letterboxd.com/film/ripley/
Risky Business,1983,https://letterboxd.com/film/risky-business/
River's Edge,1986,https://letterboxd.com/film/rivers-edge/
Road House,1989,https://letterboxd.com/film/road-house/
Rocky,1976,https://letterboxd.com/film/rocky/
Rocky IV,1985,https://letterboxd.com/film/rocky-iv/
Rogue One: A Star Wars Story,2016,https://letterboxd.com/film/rogue-one-a-star-wars-story/
Rollerball,1975,https://letterboxd.com/film/rollerball/
Rolling Thunder,1977,https://letterboxd.com/film/rolling-thunder/
Romeo + Juliet,1996,https://letterboxd.com/film/romeo-juliet-1996/
Romy and Michele's High School Reunion,1997,https://letterboxd.com/film/romy-and-micheles-high-school-reunion/
Ronin,1998,https://letterboxd.com/film/ronin/
Rosemary's Baby,1968,https://letterboxd.com/film/rosemarys-baby/
Roujin Z,1991,https://letterboxd.com/film/roujin-z/
Roy Wood Jr.: Lonely Flowers,2025,https://letterboxd.com/film/roy-wood-jr-lonely-flowers/
Rumble Fish,1983,https://letterboxd.com/film/rumble-fish/
Run,2020,https://letterboxd.com/film/run-2020/
Running Scared,1986,https://letterboxd.com/film/running-scared/
Rush,2013,https://letterboxd.com/film/rush-2013/
Rye Lane,2023,https://letterboxd.com/film/rye-lane/
S.W.A.T.,2003,https://letterboxd.com/film/swat/
Safe,1995,https://letterboxd.com/film/safe/
Sanctuary,2022,https://letterboxd.com/film/sanctuary-2022/
Saving Private Ryan,1998,https://letterboxd.com/film/saving-private-ryan/
Scanners,1981,https://letterboxd.com/film/scanners/
Scenes from a Marriage,1974,https://letterboxd.com/film/scenes-from-a-marriage/
Schindler's List,1993,https://letterboxd.com/film/schindlers-list/
School of Rock,2003,https://letterboxd.com/film/school-of-rock/
Scott Pilgrim Takes Off,2023,https://letterboxd.com/film/scott-pilgrim-takes-off-2023/
Scott Pilgrim vs. the World,2010,https://letterboxd.com/film/scott-pilgrim-vs-the-world/
Scrapper,2023,https://letterboxd.com/film/scrapper-2023/
Scream,1996,https://letterboxd.com/film/scream/
Se7en,1995,https://letterboxd.com/film/se7en/
Seconds,1966,https://letterboxd.com/film/seconds/
Secret Mall Apartment,2024,https://letterboxd.com/film/secret-mall-apartment-2024/
Selma,2014,https://letterboxd.com/film/selma/
Serial Experiments Lain,1998,https://letterboxd.com/film/serial-experiments-lain/
Serial Mom,1994,https://letterboxd.com/film/serial-mom/
Seven Psychopaths,2012,https://letterboxd.com/film/seven-psychopaths/
Seven Samurai,1954,https://letterboxd.com/film/seven-samurai/
Sexy Beast,2000,https://letterboxd.com/film/sexy-beast/
Shadow of a Doubt,1943,https://letterboxd.com/film/shadow-of-a-doubt/
Shallow Grave,1994,https://letterboxd.com/film/shallow-grave/
Shin Godzilla,2016,https://letterboxd.com/film/shin-godzilla/
Shin Kamen Rider,2023,https://letterboxd.com/film/shin-kamen-rider/
Shiva Baby,2020,https://letterboxd.com/film/shiva-baby-2020/
Shoplifters,2018,https://letterboxd.com/film/shoplifters/
Showgirls,1995,https://letterboxd.com/film/showgirls/
Showing Up,2022,https://letterboxd.com/film/showing-up-2022/
Side Effects,2013,https://letterboxd.com/film/side-effects-2013/
Signs,2002,https://letterboxd.com/film/signs/
Silence,2016,https://letterboxd.com/film/silence/
Silent Running,1972,https://letterboxd.com/film/silent-running/
Silverado,1985,https://letterboxd.com/film/silverado/
Sinbad and the Eye of the Tiger,1977,https://letterboxd.com/film/sinbad-and-the-eye-of-the-tiger/
Singin' in the Rain,1952,https://letterboxd.com/film/singin-in-the-rain/
Singles,1992,https://letterboxd.com/film/singles/
Sisu,2022,https://letterboxd.com/film/sisu-2022/
Sketches of Frank Gehry,2006,https://letterboxd.com/film/sketches-of-frank-gehry/
Slacker,1990,https://letterboxd.com/film/slacker/
Sleeping Dogs,1977,https://letterboxd.com/film/sleeping-dogs/
Sleeping with Other People,2015,https://letterboxd.com/film/sleeping-with-other-people/
Slither,2006,https://letterboxd.com/film/slither/
Small Soldiers,1998,https://letterboxd.com/film/small-soldiers/
Smoke Sauna Sisterhood,2023,https://letterboxd.com/film/smoke-sauna-sisterhood/
Smoke Signals,1998,https://letterboxd.com/film/smoke-signals/
Snack Shack,2024,https://letterboxd.com/film/snack-shack/
Snatch,2000,https://letterboxd.com/film/snatch/
Sneakers,1992,https://letterboxd.com/film/sneakers/
Society of the Snow,2023,https://letterboxd.com/film/society-of-the-snow/
Solaris,2002,https://letterboxd.com/film/solaris-2002/
Solaris,1972,https://letterboxd.com/film/solaris/
Somewhere,2010,https://letterboxd.com/film/somewhere/
Songs from the Second Floor,2000,https://letterboxd.com/film/songs-from-the-second-floor/
Sorry to Bother You,2018,https://letterboxd.com/film/sorry-to-bother-you/
Sound of Metal,2019,https://letterboxd.com/film/sound-of-metal/
Space Is the Place,1974,https://letterboxd.com/film/space-is-the-place/
Speed Racer,2008,https://letterboxd.com/film/speed-racer/
Spencer,2021,https://letterboxd.com/film/spencer-2021/
Spider-Man,2002,https://letterboxd.com/film/spider-man/
Spider-Man 2,2004,https://letterboxd.com/film/spider-man-2/
Spider-Man: Across the Spider-Verse,2023,https://letterboxd.com/film/spider-man-across-the-spider-verse/
Spielberg,2017,https://letterboxd.com/film/spielberg/
Spotlight,2015,https://letterboxd.com/film/spotlight/
Spring Breakers,2012,https://letterboxd.com/film/spring-breakers/
Spy Game,2001,https://letterboxd.com/film/spy-game/
Stalker,1979,https://letterboxd.com/film/stalker/
Star Paws,2016,https://letterboxd.com/film/star-paws/
Star Trek II: The Wrath of Khan,1982,https://letterboxd.com/film/star-trek-ii-the-wrath-of-khan/
Star Trek IV: The Voyage Home,1986,https://letterboxd.com/film/star-trek-iv-the-voyage-home/
Star Trek: First Contact,1996,https://letterboxd.com/film/star-trek-first-contact/
Stardust,2007,https://letterboxd.com/film/stardust-2007/
Stargate,1994,https://letterboxd.com/film/stargate/
Starship Troopers,1997,https://letterboxd.com/film/starship-troopers/
Station Eleven,2021,https://letterboxd.com/film/station-eleven/
"Steamboat Bill, Jr.",1928,https://letterboxd.com/film/steamboat-bill-jr/
Step Brothers,2008,https://letterboxd.com/film/step-brothers/
Steve Jobs,2015,https://letterboxd.com/film/steve-jobs/
Steve Martin's Best Show Ever,1981,https://letterboxd.com/film/steve-martins-best-show-ever/
Still Alice,2014,https://letterboxd.com/film/still-alice/
Stranded: I've Come from a Plane That Crashed on the Mountains,2007,https://letterboxd.com/film/stranded-ive-come-from-a-plane-that-crashed-on-the-mountains/
Strange Days,1995,https://letterboxd.com/film/strange-days/
Street Fighter,1994,https://letterboxd.com/film/street-fighter/
Streetwise,1984,https://letterboxd.com/film/streetwise/
Sully,2016,https://letterboxd.com/film/sully/
"Summer of Soul (...Or, When the Revolution Could Not Be Televised)",2021,https://letterboxd.com/film/summer-of-soul-or-when-the-revolution-could/
Sunset Boulevard,1950,https://letterboxd.com/film/sunset-boulevard/
Super Troopers,2001,https://letterboxd.com/film/super-troopers/
Superior Firepower: Making 'Aliens',2003,https://letterboxd.com/film/superior-firepower-making-aliens/
Suspiria,1977,https://letterboxd.com/film/suspiria/
Suspiria,2018,https://letterboxd.com/film/suspiria-2018/
Suzume,2022,https://letterboxd.com/film/suzume/
Swamp Dogg Gets His Pool Painted,2024,https://letterboxd.com/film/swamp-dogg-gets-his-pool-painted/
Swingers,1996,https://letterboxd.com/film/swingers/
Switchblade Sisters,1975,https://letterboxd.com/film/switchblade-sisters/
"Synecdoche, New York",2008,https://letterboxd.com/film/synecdoche-new-york/
Syriana,2005,https://letterboxd.com/film/syriana/
T2 Trainspotting,2017,https://letterboxd.com/film/t2-trainspotting/
THX 1138,1971,https://letterboxd.com/film/thx-1138/
Tangerine,2015,https://letterboxd.com/film/tangerine/
Tango & Cash,1989,https://letterboxd.com/film/tango-cash/
Taxi Driver,1976,https://letterboxd.com/film/taxi-driver/
Teenage Mutant Ninja Turtles,1990,https://letterboxd.com/film/teenage-mutant-ninja-turtles/
Tell No One,2006,https://letterboxd.com/film/tell-no-one/
Ten Meter Tower,2016,https://letterboxd.com/film/ten-meter-tower/
Terminator 2: Judgment Day,1991,https://letterboxd.com/film/terminator-2-judgment-day/
Terminator: Dark Fate,2019,https://letterboxd.com/film/terminator-dark-fate/
Thank You for Smoking,2005,https://letterboxd.com/film/thank-you-for-smoking/
The 'Burbs,1989,https://letterboxd.com/film/the-burbs/
The 7th Voyage of Sinbad,1958,https://letterboxd.com/film/the-7th-voyage-of-sinbad/
The Abyss,1989,https://letterboxd.com/film/the-abyss/
The Act of Killing,2012,https://letterboxd.com/film/the-act-of-killing/
The Adventures of Buckaroo Banzai Across the 8th Dimension,1984,https://letterboxd.com/film/the-adventures-of-buckaroo-banzai-across-the-8th-dimension/
The Adventures of Prince Achmed,1926,https://letterboxd.com/film/the-adventures-of-prince-achmed/
"The Adventures of Priscilla, Queen of the Desert",1994,https://letterboxd.com/film/the-adventures-of-priscilla-queen-of-the-desert/
The Adventures of Tintin,2011,https://letterboxd.com/film/the-adventures-of-tintin/
The American Friend,1977,https://letterboxd.com/film/the-american-friend/
The Animatrix,2003,https://letterboxd.com/film/the-animatrix/
The Apartment,1960,https://letterboxd.com/film/the-apartment/
The Ascent,1977,https://letterboxd.com/film/the-ascent/
The Assassination of Jesse James by the Coward Robert Ford,2007,https://letterboxd.com/film/the-assassination-of-jesse-james-by-the-coward-robert-ford/
The Aura,2005,https://letterboxd.com/film/the-aura/
The Balcony Movie,2021,https://letterboxd.com/film/the-balcony-movie/
The Batman,2022,https://letterboxd.com/film/the-batman/
The Battle of Algiers,1966,https://letterboxd.com/film/the-battle-of-algiers/
The Bear,1988,https://letterboxd.com/film/the-bear/
The Beckoning Silence,2007,https://letterboxd.com/film/the-beckoning-silence/
The Big Blue,1988,https://letterboxd.com/film/the-big-blue/
The Black Power Mixtape 1967-1975,2011,https://letterboxd.com/film/the-black-power-mixtape-1967-1975/
The Blob,1958,https://letterboxd.com/film/the-blob/
The Blob,1988,https://letterboxd.com/film/the-blob-1988/
The Bone Collector,1999,https://letterboxd.com/film/the-bone-collector/
The Bourne Supremacy,2004,https://letterboxd.com/film/the-bourne-supremacy/
The Box,2009,https://letterboxd.com/film/the-box-2009/
The Bridge on the River Kwai,1957,https://letterboxd.com/film/the-bridge-on-the-river-kwai/
The Bridges of Madison County,1995,https://letterboxd.com/film/the-bridges-of-madison-county/
The Burial,2023,https://letterboxd.com/film/the-burial/
The Cabin in the Woods,2011,https://letterboxd.com/film/the-cabin-in-the-woods/
The Cable Guy,1996,https://letterboxd.com/film/the-cable-guy/
The Cameraman,1928,https://letterboxd.com/film/the-cameraman/
The Card Counter,2021,https://letterboxd.com/film/the-card-counter/
The Cat Returns,2002,https://letterboxd.com/film/the-cat-returns/
The Cell,2000,https://letterboxd.com/film/the-cell/
The Childhood of a Leader,2015,https://letterboxd.com/film/the-childhood-of-a-leader/
The China Hustle,2017,https://letterboxd.com/film/the-china-hustle/
The Chronicles of Riddick,2004,https://letterboxd.com/film/the-chronicles-of-riddick/
The Chumscrubber,2005,https://letterboxd.com/film/the-chumscrubber/
The Cincinnati Kid,1965,https://letterboxd.com/film/the-cincinnati-kid/
The Clock,2010,https://letterboxd.com/film/the-clock-2010/
The Color of Money,1986,https://letterboxd.com/film/the-color-of-money/
The Comedy,2012,https://letterboxd.com/film/the-comedy/
The Constant Gardener,2005,https://letterboxd.com/film/the-constant-gardener/
"The Cook, the Thief, His Wife & Her Lover",1989,https://letterboxd.com/film/the-cook-the-thief-his-wife-her-lover/
The Count of Monte Cristo,2024,https://letterboxd.com/film/the-count-of-monte-cristo-2024/
The Country Bears,2002,https://letterboxd.com/film/the-country-bears/
The Craft,1996,https://letterboxd.com/film/the-craft/
The Creator,2023,https://letterboxd.com/film/the-creator-2023/
The Curious Case of Benjamin Button,2008,https://letterboxd.com/film/the-curious-case-of-benjamin-button/
The Curse,2023,https://letterboxd.com/film/the-curse-2023/
The Dark Knight,2008,https://letterboxd.com/film/the-dark-knight/
The Day of the Jackal,1973,https://letterboxd.com/film/the-day-of-the-jackal/
The Dead Zone,1983,https://letterboxd.com/film/the-dead-zone/
The Death of Mr. Lazarescu,2005,https://letterboxd.com/film/the-death-of-mr-lazarescu/
The Death of Stalin,2017,https://letterboxd.com/film/the-death-of-stalin/
The Deer Hunter,1978,https://letterboxd.com/film/the-deer-hunter/
The Departed,2006,https://letterboxd.com/film/the-departed/
The Desert of the Tartars,1976,https://letterboxd.com/film/the-desert-of-the-tartars/
The Devil's Backbone,2001,https://letterboxd.com/film/the-devils-backbone/
The Diary of a Teenage Girl,2015,https://letterboxd.com/film/the-diary-of-a-teenage-girl/
The Dirties,2013,https://letterboxd.com/film/the-dirties/
The Dirty Dozen,1967,https://letterboxd.com/film/the-dirty-dozen/
The Diving Bell and the Butterfly,2007,https://letterboxd.com/film/the-diving-bell-and-the-butterfly/
The Drama,2026,https://letterboxd.com/film/the-drama/
The Driver,1978,https://letterboxd.com/film/the-driver/
The Eating of an Orange,2025,https://letterboxd.com/film/the-eating-of-an-orange/
The Exorcist,1973,https://letterboxd.com/film/the-exorcist/
The Fabelmans: A Family in Film,2023,https://letterboxd.com/film/the-fabelmans-a-family-in-film/
The Fall Guy,2024,https://letterboxd.com/film/the-fall-guy-2024/
The Fall of the House of Usher,2023,https://letterboxd.com/film/the-fall-of-the-house-of-usher-2023/
The Farewell,2019,https://letterboxd.com/film/the-farewell-2019/
The Fast and the Furious: Tokyo Drift,2006,https://letterboxd.com/film/the-fast-and-the-furious-tokyo-drift/
The Fate of the Furious,2017,https://letterboxd.com/film/the-fate-of-the-furious/
The Favourite,2018,https://letterboxd.com/film/the-favourite/
The Fifth Element,1997,https://letterboxd.com/film/the-fifth-element/
The Firemen's Ball,1967,https://letterboxd.com/film/the-firemens-ball/
The Firm,1993,https://letterboxd.com/film/the-firm-1993/
The Fisher King,1991,https://letterboxd.com/film/the-fisher-king/
The Fly,1986,https://letterboxd.com/film/the-fly-1986/
The Fog,1980,https://letterboxd.com/film/the-fog/
The Fountain,2006,https://letterboxd.com/film/the-fountain/
The French Connection,1971,https://letterboxd.com/film/the-french-connection/
The Frisco Kid,1979,https://letterboxd.com/film/the-frisco-kid/
The Game,1997,https://letterboxd.com/film/the-game/
The General,1926,https://letterboxd.com/film/the-general/
The Getaway,1972,https://letterboxd.com/film/the-getaway/
The Ghost Writer,2010,https://letterboxd.com/film/the-ghost-writer/
The Godfather,1972,https://letterboxd.com/film/the-godfather/
The Godfather Part II,1974,https://letterboxd.com/film/the-godfather-part-ii/
The Golden Voyage of Sinbad,1973,https://letterboxd.com/film/the-golden-voyage-of-sinbad/
"The Good, the Bad and the Ugly",1966,https://letterboxd.com/film/the-good-the-bad-and-the-ugly/
The Goodbye Kiss,2006,https://letterboxd.com/film/the-goodbye-kiss/
The Grand Budapest Hotel,2014,https://letterboxd.com/film/the-grand-budapest-hotel/
The Great Dictator,1940,https://letterboxd.com/film/the-great-dictator/
The Great Escape,1963,https://letterboxd.com/film/the-great-escape/
The Green Knight,2021,https://letterboxd.com/film/the-green-knight/
The Guilt Trip,2012,https://letterboxd.com/film/the-guilt-trip/
The Guyver,1991,https://letterboxd.com/film/the-guyver/
The Harder They Fall,2021,https://letterboxd.com/film/the-harder-they-fall-2021/
The Haunting,1963,https://letterboxd.com/film/the-haunting/
The Haunting of Julia,1977,https://letterboxd.com/film/full-circle-1977/
The Host,2006,https://letterboxd.com/film/the-host/
The Howling,1981,https://letterboxd.com/film/the-howling/
The Hudsucker Proxy,1994,https://letterboxd.com/film/the-hudsucker-proxy/
The Human Voice,2020,https://letterboxd.com/film/the-human-voice-2020/
The Humans,2021,https://letterboxd.com/film/the-humans/
The Hunt,2020,https://letterboxd.com/film/the-hunt-2020/
The Hurt Locker,2008,https://letterboxd.com/film/the-hurt-locker/
The Hustler,1961,https://letterboxd.com/film/the-hustler/
The Ice Storm,1997,https://letterboxd.com/film/the-ice-storm/
The Insider,1999,https://letterboxd.com/film/the-insider/
The Invisible Man,2020,https://letterboxd.com/film/the-invisible-man-2020/
The Invisible Man,1933,https://letterboxd.com/film/the-invisible-man/
The Iron Claw,2023,https://letterboxd.com/film/the-iron-claw-2023/
The Island of Dr. Moreau,1996,https://letterboxd.com/film/the-island-of-dr-moreau-1996/
The Karate Kid,1984,https://letterboxd.com/film/the-karate-kid/
The Killing Floor,1984,https://letterboxd.com/film/the-killing-floor-1984/
The Killing of a Sacred Deer,2017,https://letterboxd.com/film/the-killing-of-a-sacred-deer/
The Kingdom of Dreams and Madness,2013,https://letterboxd.com/film/the-kingdom-of-dreams-and-madness/
The Ladykillers,1955,https://letterboxd.com/film/the-ladykillers/
The Landlord,1970,https://letterboxd.com/film/the-landlord/
The Last Emperor,1987,https://letterboxd.com/film/the-last-emperor/
The Last Mountain,2021,https://letterboxd.com/film/the-last-mountain-2021/
The Last Picture Show,1971,https://letterboxd.com/film/the-last-picture-show/
The Last Samurai,2003,https://letterboxd.com/film/the-last-samurai/
The Last Showgirl,2024,https://letterboxd.com/film/the-last-showgirl/
The Last Temptation of Christ,1988,https://letterboxd.com/film/the-last-temptation-of-christ/
The Lego Movie,2014,https://letterboxd.com/film/the-lego-movie/
The Lighthouse,2019,https://letterboxd.com/film/the-lighthouse-2019/
The Lobster,2015,https://letterboxd.com/film/the-lobster/
The Long Goodbye,1973,https://letterboxd.com/film/the-long-goodbye/
The Long Season,2023,https://letterboxd.com/film/the-long-season-2023/
The Lost City of Z,2016,https://letterboxd.com/film/the-lost-city-of-z/
The Lost Daughter,2021,https://letterboxd.com/film/the-lost-daughter-2021/
The Lost World: Jurassic Park,1997,https://letterboxd.com/film/the-lost-world-jurassic-park/
The Magnificent Seven,1960,https://letterboxd.com/film/the-magnificent-seven/
The Man Who Knew Too Little,1997,https://letterboxd.com/film/the-man-who-knew-too-little/
The Martian,2015,https://letterboxd.com/film/the-martian/
The Master,2012,https://letterboxd.com/film/the-master-2012/
The Mastermind,2025,https://letterboxd.com/film/the-mastermind-2025/
The Moment,2026,https://letterboxd.com/film/the-moment-2026/
The Monkey,2025,https://letterboxd.com/film/the-monkey-2025/
The Motorcycle Diaries,2004,https://letterboxd.com/film/the-motorcycle-diaries/
The Muppet Movie,1979,https://letterboxd.com/film/the-muppet-movie/
The Muppets Take Manhattan,1984,https://letterboxd.com/film/the-muppets-take-manhattan/
The Name of the Rose,1986,https://letterboxd.com/film/the-name-of-the-rose/
The Neon Demon,2016,https://letterboxd.com/film/the-neon-demon/
The Net,1995,https://letterboxd.com/film/the-net/
The New World,2005,https://letterboxd.com/film/the-new-world/
The Nice Guys,2016,https://letterboxd.com/film/the-nice-guys/
The Night of the Hunter,1955,https://letterboxd.com/film/the-night-of-the-hunter/
The Northman,2022,https://letterboxd.com/film/the-northman/
The Old Man & the Gun,2018,https://letterboxd.com/film/the-old-man-the-gun/
The One I Love,2014,https://letterboxd.com/film/the-one-i-love-2014/
The Others,2001,https://letterboxd.com/film/the-others/
The Outlaw Josey Wales,1976,https://letterboxd.com/film/the-outlaw-josey-wales/
The Outrun,2024,https://letterboxd.com/film/the-outrun/
The Outwaters,2022,https://letterboxd.com/film/the-outwaters/
The Panic in Needle Park,1971,https://letterboxd.com/film/the-panic-in-needle-park/
The Pelican Brief,1993,https://letterboxd.com/film/the-pelican-brief/
The Piano,1993,https://letterboxd.com/film/the-piano/
The Pink Panther,1963,https://letterboxd.com/film/the-pink-panther-1963/
The Pink Panther Strikes Again,1976,https://letterboxd.com/film/the-pink-panther-strikes-again/
The Place Beyond the Pines,2012,https://letterboxd.com/film/the-place-beyond-the-pines/
The Post,2017,https://letterboxd.com/film/the-post-2017/
The Power of the Dog,2021,https://letterboxd.com/film/the-power-of-the-dog/
The Prestige,2006,https://letterboxd.com/film/the-prestige/
The Producers,1967,https://letterboxd.com/film/the-producers/
The Promised Land,2023,https://letterboxd.com/film/the-promised-land-2023/
The Quick and the Dead,1995,https://letterboxd.com/film/the-quick-and-the-dead-1995/
The Raid,2011,https://letterboxd.com/film/the-raid-2011/
The Rainmaker,1997,https://letterboxd.com/film/the-rainmaker-1997/
The Return of the Living Dead,1985,https://letterboxd.com/film/the-return-of-the-living-dead/
The Return of the Pink Panther,1975,https://letterboxd.com/film/the-return-of-the-pink-panther/
The Right Stuff,1983,https://letterboxd.com/film/the-right-stuff/
The Rip,2026,https://letterboxd.com/film/the-rip-2026/
The Road,2009,https://letterboxd.com/film/the-road/
The Road to Hong Kong,1962,https://letterboxd.com/film/the-road-to-hong-kong/
The Rock,1996,https://letterboxd.com/film/the-rock/
The Rocketeer,1991,https://letterboxd.com/film/the-rocketeer/
The Royal Tenenbaums,2001,https://letterboxd.com/film/the-royal-tenenbaums/
The Running Man,1987,https://letterboxd.com/film/the-running-man/
The Searchers,1956,https://letterboxd.com/film/the-searchers/
The Secret of Kells,2009,https://letterboxd.com/film/the-secret-of-kells/
The Secret of NIMH,1982,https://letterboxd.com/film/the-secret-of-nimh/
The Seed of the Sacred Fig,2024,https://letterboxd.com/film/the-seed-of-the-sacred-fig/
The Shape of Water,2017,https://letterboxd.com/film/the-shape-of-water/
The Shining,1980,https://letterboxd.com/film/the-shining/
The Shrouds,2024,https://letterboxd.com/film/the-shrouds/
The Silence of the Lambs,1991,https://letterboxd.com/film/the-silence-of-the-lambs/
The Sixth Sense,1999,https://letterboxd.com/film/the-sixth-sense/
The Smashing Machine,2025,https://letterboxd.com/film/the-smashing-machine-2025/
The Snowman,1982,https://letterboxd.com/film/the-snowman/
The Social Network,2010,https://letterboxd.com/film/the-social-network/
The Sound of Music,1965,https://letterboxd.com/film/the-sound-of-music/
The Souvenir,2019,https://letterboxd.com/film/the-souvenir/
The Sparks Brothers,2021,https://letterboxd.com/film/the-sparks-brothers/
The Square,2017,https://letterboxd.com/film/the-square-2017/
The Sting,1973,https://letterboxd.com/film/the-sting/
The Straight Story,1999,https://letterboxd.com/film/the-straight-story/
The Stunt Man,1980,https://letterboxd.com/film/the-stunt-man/
The Substance,2024,https://letterboxd.com/film/the-substance/
The Sugarland Express,1974,https://letterboxd.com/film/the-sugarland-express/
The Summit,2012,https://letterboxd.com/film/the-summit-2012/
The Summit of the Gods,2021,https://letterboxd.com/film/the-summit-of-the-gods/
The Swimmer,1968,https://letterboxd.com/film/the-swimmer/
The Taking of Pelham One Two Three,1974,https://letterboxd.com/film/the-taking-of-pelham-one-two-three/
The Talented Mr. Ripley,1999,https://letterboxd.com/film/the-talented-mr-ripley/
The Thief and the Cobbler,1993,https://letterboxd.com/film/the-thief-and-the-cobbler/
The Thin Man,1934,https://letterboxd.com/film/the-thin-man/
The Thin Red Line,1998,https://letterboxd.com/film/the-thin-red-line/
The Thing,1982,https://letterboxd.com/film/the-thing/
The Thomas Crown Affair,1968,https://letterboxd.com/film/the-thomas-crown-affair/
The Thomas Crown Affair,1999,https://letterboxd.com/film/the-thomas-crown-affair-1999/
The Three Musketeers,1993,https://letterboxd.com/film/the-three-musketeers-1993/
The Towering Inferno,1974,https://letterboxd.com/film/the-towering-inferno/
The Town,2010,https://letterboxd.com/film/the-town/
The Tragedy of Macbeth,2021,https://letterboxd.com/film/the-tragedy-of-macbeth/
The Tree of Life,2011,https://letterboxd.com/film/the-tree-of-life-2011/
The Trip to Greece,2020,https://letterboxd.com/film/the-trip-to-greece/
The Truman Show,1998,https://letterboxd.com/film/the-truman-show/
The Trust,2016,https://letterboxd.com/film/the-trust/
The Unbearable Weight of Massive Talent,2022,https://letterboxd.com/film/the-unbearable-weight-of-massive-talent/
The Unknown Country,2022,https://letterboxd.com/film/the-unknown-country/
The Untouchables,1987,https://letterboxd.com/film/the-untouchables/
The Usual Suspects,1995,https://letterboxd.com/film/the-usual-suspects/
The Velvet Underground,2021,https://letterboxd.com/film/the-velvet-underground-2021/
The Verdict,1982,https://letterboxd.com/film/the-verdict-1982/
The Virgin Suicides,1999,https://letterboxd.com/film/the-virgin-suicides/
The Visitor,1979,https://letterboxd.com/film/the-visitor-1979/
The Void,2016,https://letterboxd.com/film/the-void-2016/
The Warriors,1979,https://letterboxd.com/film/the-warriors/
The Way Back,2020,https://letterboxd.com/film/the-way-back-2020/
The Way We Were,1973,https://letterboxd.com/film/the-way-we-were/
The Way of the Dragon,1972,https://letterboxd.com/film/the-way-of-the-dragon/
The Wedding Banquet,2025,https://letterboxd.com/film/the-wedding-banquet-2025/
The Wedding Singer,1998,https://letterboxd.com/film/the-wedding-singer/
The Wildest Dream,2010,https://letterboxd.com/film/the-wildest-dream/
The Wind Rises,2013,https://letterboxd.com/film/the-wind-rises/
The Witch,2015,https://letterboxd.com/film/the-witch-2015/
The Wolf of Wall Street,2013,https://letterboxd.com/film/the-wolf-of-wall-street/
The Wolf's Call,2019,https://letterboxd.com/film/the-wolfs-call/
The Wonderful Story of Henry Sugar,2023,https://letterboxd.com/film/the-wonderful-story-of-henry-sugar/
The Wrestler,2008,https://letterboxd.com/film/the-wrestler/
The Wrong Trousers,1993,https://letterboxd.com/film/the-wrong-trousers/
The Yakuza,1974,https://letterboxd.com/film/the-yakuza/
The Zone of Interest,2023,https://letterboxd.com/film/the-zone-of-interest/
Theater Camp,2023,https://letterboxd.com/film/theater-camp-2023/
Thelma & Louise,1991,https://letterboxd.com/film/thelma-louise/
There Will Be Blood,2007,https://letterboxd.com/film/there-will-be-blood/
There's No End,2022,https://letterboxd.com/film/theres-no-end/
They All Laughed,1981,https://letterboxd.com/film/they-all-laughed/
"They Shoot Horses, Don't They?",1969,https://letterboxd.com/film/they-shoot-horses-dont-they/
Thirteen,2003,https://letterboxd.com/film/thirteen/
This Is Me…Now,2024,https://letterboxd.com/film/this-is-menow/
"Three Billboards Outside Ebbing, Missouri",2017,https://letterboxd.com/film/three-billboards-outside-ebbing-missouri/
Three Thousand Years of Longing,2022,https://letterboxd.com/film/three-thousand-years-of-longing/
Titane,2021,https://letterboxd.com/film/titane/
Titus,1999,https://letterboxd.com/film/titus/
To Kill a Mockingbird,1962,https://letterboxd.com/film/to-kill-a-mockingbird/
Tokyo Fist,1995,https://letterboxd.com/film/tokyo-fist/
Tokyo Story,1953,https://letterboxd.com/film/tokyo-story/
Tomboy,2011,https://letterboxd.com/film/tomboy-2011/
Tombstone,1993,https://letterboxd.com/film/tombstone/
Tony,2026,https://letterboxd.com/film/tony-2026/
Tootsie,1982,https://letterboxd.com/film/tootsie/
Tora! Tora! Tora!,1970,https://letterboxd.com/film/tora-tora-tora/
Total Recall,1990,https://letterboxd.com/film/total-recall/
Toys,1992,https://letterboxd.com/film/toys/
Traffic,2000,https://letterboxd.com/film/traffic/
Train to Busan,2016,https://letterboxd.com/film/train-to-busan/
Training Day,2001,https://letterboxd.com/film/training-day/
Trainspotting,1996,https://letterboxd.com/film/trainspotting/
Tremors,1990,https://letterboxd.com/film/tremors/
Triangle of Sadness,2022,https://letterboxd.com/film/triangle-of-sadness/
Troop Beverly Hills,1989,https://letterboxd.com/film/troop-beverly-hills/
Tropic Thunder,2008,https://letterboxd.com/film/tropic-thunder/
True Lies,1994,https://letterboxd.com/film/true-lies/
Tully,2018,https://letterboxd.com/film/tully-2018/
Turner & Hooch,1989,https://letterboxd.com/film/turner-hooch/
Turning Red,2022,https://letterboxd.com/film/turning-red/
Twin Peaks,1989,https://letterboxd.com/film/twin-peaks/
Twin Peaks: The Return,2017,https://letterboxd.com/film/twin-peaks-the-return/
Uncut Gems,2019,https://letterboxd.com/film/uncut-gems/
Under Siege,1992,https://letterboxd.com/film/under-siege/
Under the Silver Lake,2018,https://letterboxd.com/film/under-the-silver-lake/
Under the Skin,2013,https://letterboxd.com/film/under-the-skin-2013/
Unedited Footage of a Bear,2014,https://letterboxd.com/film/unedited-footage-of-a-bear/
Unforgiven,1992,https://letterboxd.com/film/unforgiven/
United 93,2006,https://letterboxd.com/film/united-93/
United Passions,2014,https://letterboxd.com/film/united-passions/
Universal Language,2024,https://letterboxd.com/film/universal-language/
Universal Soldier,1992,https://letterboxd.com/film/universal-soldier/
Universal Soldier: Day of Reckoning,2012,https://letterboxd.com/film/universal-soldier-day-of-reckoning/
Unsane,2018,https://letterboxd.com/film/unsane/
Up in the Air,2009,https://letterboxd.com/film/up-in-the-air/
Upstream Color,2013,https://letterboxd.com/film/upstream-color/
Uptown Girls,2003,https://letterboxd.com/film/uptown-girls/
Used Cars,1980,https://letterboxd.com/film/used-cars/
Val,2021,https://letterboxd.com/film/val/
Valhalla Rising,2009,https://letterboxd.com/film/valhalla-rising/
Vanishing Point,1971,https://letterboxd.com/film/vanishing-point/
"Vernon, Florida",1981,https://letterboxd.com/film/vernon-florida/
Vertigo,1958,https://letterboxd.com/film/vertigo/
Videodrome,1983,https://letterboxd.com/film/videodrome/
Villeneuve Pironi,2022,https://letterboxd.com/film/villeneuve-pironi/
Vivre Sa Vie,1962,https://letterboxd.com/film/vivre-sa-vie/
Voices of a Distant Star,2002,https://letterboxd.com/film/voices-of-a-distant-star/
WHAT DID JACK DO?,2017,https://letterboxd.com/film/what-did-jack-do/
Wallace & Gromit: Vengeance Most Fowl,2024,https://letterboxd.com/film/wallace-gromit-vengeance-most-fowl/
War of the Worlds,2025,https://letterboxd.com/film/war-of-the-worlds-2025/
War of the Worlds,2005,https://letterboxd.com/film/war-of-the-worlds/
Warcraft,2016,https://letterboxd.com/film/warcraft/
Warfare,2025,https://letterboxd.com/film/warfare/
Watcher,2022,https://letterboxd.com/film/watcher/
Watership Down,1978,https://letterboxd.com/film/watership-down/
Waterworld,1995,https://letterboxd.com/film/waterworld/
We Live in Time,2024,https://letterboxd.com/film/we-live-in-time/
We Need to Talk About Kevin,2011,https://letterboxd.com/film/we-need-to-talk-about-kevin/
Weird: The Al Yankovic Story,2022,https://letterboxd.com/film/weird-the-al-yankovic-story-2022/
Werewolf by Night,2022,https://letterboxd.com/film/werewolf-by-night/
Westworld,1973,https://letterboxd.com/film/westworld/
What Dreams May Come,1998,https://letterboxd.com/film/what-dreams-may-come/
What We Do in the Shadows,2014,https://letterboxd.com/film/what-we-do-in-the-shadows/
When Björk Met Attenborough,2013,https://letterboxd.com/film/when-bjork-met-attenborough/
When Evil Lurks,2023,https://letterboxd.com/film/when-evil-lurks/
Where the Wild Things Are,2009,https://letterboxd.com/film/where-the-wild-things-are/
While We're Young,2014,https://letterboxd.com/film/while-were-young/
Whiplash,2014,https://letterboxd.com/film/whiplash-2014/
White Men Can't Jump,1992,https://letterboxd.com/film/white-men-cant-jump/
White Noise,2022,https://letterboxd.com/film/white-noise-2022/
Who Framed Roger Rabbit,1988,https://letterboxd.com/film/who-framed-roger-rabbit/
Wild at Heart,1990,https://letterboxd.com/film/wild-at-heart/
Willow,1988,https://letterboxd.com/film/willow/
Wings,1966,https://letterboxd.com/film/wings-1966/
Wings of Desire,1987,https://letterboxd.com/film/wings-of-desire/
Witness,1985,https://letterboxd.com/film/witness/
Wolfs,2024,https://letterboxd.com/film/wolfs/
Working Girl,1988,https://letterboxd.com/film/working-girl/
Working Girls,1986,https://letterboxd.com/film/working-girls-1986/
X-Men: Days of Future Past,2014,https://letterboxd.com/film/x-men-days-of-future-past/
Yella,2007,https://letterboxd.com/film/yella/
Yi Yi,2000,https://letterboxd.com/film/yi-yi/
You Can Count on Me,2000,https://letterboxd.com/film/you-can-count-on-me/
You Hurt My Feelings,2023,https://letterboxd.com/film/you-hurt-my-feelings-2023/
You're Next,2011,https://letterboxd.com/film/youre-next/
Young Adult,2011,https://letterboxd.com/film/young-adult/
Young Frankenstein,1974,https://letterboxd.com/film/young-frankenstein/
Your Sister's Sister,2011,https://letterboxd.com/film/your-sisters-sister/
Z,1969,https://letterboxd.com/film/z/
Zatoichi,2003,https://letterboxd.com/film/zatoichi/
Zidane: A 21st Century Portrait,2006,https://letterboxd.com/film/zidane-a-21st-century-portrait/
Zodiac,2007,https://letterboxd.com/film/zodiac/
Zygote,2017,https://letterboxd.com/film/zygote/
eXistenZ,1999,https://letterboxd.com/film/existenz/
mid90s,2018,https://letterboxd.com/film/mid90s/
mother!,2017,https://letterboxd.com/film/mother-2017/
"sex, lies, and videotape",1989,https://letterboxd.com/film/sex-lies-and-videotape/
